Transaction ID,Date of Sale,Product ID,Product Category,Quantity Sold,Sale Price per Unit,Customer Region
898,01-01-2022,12,Toys & Games,8,99.07,South
285,02-01-2022,14,Home & Garden,9,202.01,West
368,02-01-2022,5,Electronics,5,293.62,North
91,02-01-2022,11,Toys & Games,1,327.77,East
579,05-01-2022,2,Home & Garden,7,294.54,South
180,05-01-2022,20,Groceries,8,219.52,South
958,08-01-2022,2,Home & Garden,6,98.78,West
835,09-01-2022,15,Toys & Games,1,34.67,West
376,09-01-2022,8,Toys & Games,4,128.34,East
996,10-01-2022,16,Home & Garden,1,204.87,North
717,12-01-2022,20,Toys & Games,8,415.16,East
948,12-01-2022,12,Clothing,6,206.1,East
69,14-01-2022,20,Clothing,3,65.52,West
189,15-01-2022,4,Clothing,7,157.51,East
131,15-01-2022,15,Home & Garden,5,136.77,North
685,16-01-2022,5,Groceries,9,311.41,South
465,17-01-2022,15,Clothing,3,464.81,East
496,18-01-2022,3,Home & Garden,5,93.17,West
785,19-01-2022,8,Groceries,5,220.68,East
539,20-01-2022,12,Toys & Games,9,487.92,South
8,21-01-2022,11,Electronics,8,125.14,East
62,21-01-2022,6,Home & Garden,1,145.4,North
35,22-01-2022,13,Toys & Games,9,340.27,West
437,22-01-2022,18,Groceries,3,211.48,South
668,23-01-2022,10,Clothing,5,455.13,West
808,25-01-2022,10,Electronics,1,170.13,South
447,27-01-2022,3,Groceries,3,384.53,South
225,28-01-2022,14,Electronics,1,60.26,West
154,28-01-2022,17,Electronics,3,49.76,East
853,29-01-2022,3,Groceries,4,238.68,South
430,02-02-2022,8,Electronics,1,170.05,West
160,02-02-2022,4,Home & Garden,5,276.68,North
84,04-02-2022,2,Groceries,5,47.72,West
724,04-02-2022,9,Home & Garden,2,337.26,South
210,05-02-2022,8,Toys & Games,3,132.48,West
537,05-02-2022,5,Home & Garden,1,174.29,North
374,06-02-2022,19,Electronics,9,109.1,North
476,06-02-2022,14,Toys & Games,2,36.14,East
766,06-02-2022,6,Toys & Games,2,293.17,East
440,07-02-2022,18,Electronics,7,186.61,East
882,08-02-2022,17,Clothing,5,47.63,West
523,08-02-2022,14,Electronics,2,432.87,West
817,08-02-2022,7,Groceries,5,115.2,East
970,10-02-2022,14,Home & Garden,3,202.62,West
153,10-02-2022,7,Toys & Games,1,339.71,North
129,10-02-2022,3,Electronics,8,458.13,West
820,11-02-2022,14,Toys & Games,8,372.04,East
713,12-02-2022,7,Toys & Games,8,465.28,North
470,15-02-2022,14,Home & Garden,2,497.86,West
651,16-02-2022,5,Home & Garden,7,132.34,West
587,16-02-2022,11,Toys & Games,9,160.17,South
933,16-02-2022,18,Clothing,6,261.91,South
161,17-02-2022,10,Clothing,3,108.14,West
463,18-02-2022,19,Toys & Games,1,122.15,South
556,20-02-2022,19,Toys & Games,2,225.47,North
576,22-02-2022,17,Home & Garden,6,286.07,North
297,22-02-2022,8,Home & Garden,9,134.1,West
121,22-02-2022,15,Home & Garden,9,102.38,South
571,23-02-2022,20,Groceries,9,433.68,North
385,23-02-2022,19,Clothing,6,412.7,North
604,27-02-2022,17,Toys & Games,1,249.8,South
890,27-02-2022,5,Clothing,3,135.11,West
913,27-02-2022,12,Toys & Games,7,459.05,South
616,27-02-2022,6,Electronics,9,106.25,West
41,28-02-2022,8,Home & Garden,9,314.43,West
778,03-03-2022,18,Groceries,2,455.5,North
141,04-03-2022,15,Electronics,3,107.64,West
133,06-03-2022,14,Toys & Games,8,364.49,North
805,10-03-2022,13,Home & Garden,4,331.94,West
650,10-03-2022,3,Home & Garden,8,438.3,East
870,11-03-2022,13,Home & Garden,5,209.8,East
6,13-03-2022,15,Home & Garden,1,485.43,East
836,15-03-2022,5,Groceries,9,35.85,North
742,16-03-2022,3,Home & Garden,5,162.82,West
792,17-03-2022,8,Home & Garden,6,156.97,South
640,17-03-2022,3,Toys & Games,6,400.89,North
921,21-03-2022,12,Electronics,5,368.43,East
86,22-03-2022,2,Electronics,9,476.2,West
282,22-03-2022,8,Clothing,3,79.99,West
216,27-03-2022,4,Electronics,3,396.75,North
645,27-03-2022,14,Electronics,4,400,West
15,29-03-2022,1,Toys & Games,9,362.04,North
962,31-03-2022,13,Electronics,4,277.76,South
727,31-03-2022,6,Electronics,4,309.62,East
878,01-04-2022,14,Home & Garden,7,67.02,West
76,02-04-2022,5,Toys & Games,1,139.5,East
549,02-04-2022,17,Groceries,7,141.6,West
652,04-04-2022,11,Electronics,4,138.99,North
621,06-04-2022,9,Electronics,3,249.92,North
200,06-04-2022,11,Toys & Games,8,88.63,North
761,06-04-2022,8,Home & Garden,8,130.86,South
757,09-04-2022,12,Toys & Games,5,83.73,East
473,09-04-2022,4,Electronics,3,404.16,East
378,09-04-2022,11,Home & Garden,6,218.18,East
167,09-04-2022,4,Toys & Games,3,191.85,East
483,09-04-2022,19,Groceries,3,255.18,East
806,09-04-2022,19,Groceries,1,450.21,West
402,09-04-2022,17,Toys & Games,4,391.23,West
673,10-04-2022,3,Groceries,2,248.76,North
17,10-04-2022,6,Groceries,1,97.84,North
580,13-04-2022,9,Clothing,8,257.7,East
1,13-04-2022,13,Home & Garden,3,198.33,East
517,14-04-2022,8,Toys & Games,2,51.44,East
395,14-04-2022,20,Groceries,7,103.55,East
94,16-04-2022,16,Home & Garden,3,482.86,South
596,16-04-2022,12,Clothing,3,432.48,North
5,17-04-2022,18,Home & Garden,1,354.81,East
818,19-04-2022,2,Electronics,5,42.94,West
399,22-04-2022,7,Clothing,8,139.67,North
268,23-04-2022,11,Toys & Games,5,220.18,East
278,23-04-2022,13,Groceries,9,66.54,South
284,23-04-2022,8,Toys & Games,9,111.06,South
734,25-04-2022,20,Clothing,2,145.96,West
486,26-04-2022,4,Toys & Games,1,327.83,South
911,27-04-2022,7,Home & Garden,8,444.23,East
609,27-04-2022,12,Electronics,5,187.09,North
623,28-04-2022,15,Groceries,1,122.62,South
600,30-04-2022,12,Clothing,3,494.83,North
386,30-04-2022,8,Groceries,5,333.16,West
959,02-05-2022,1,Home & Garden,9,315.15,East
10,02-05-2022,13,Groceries,5,410.39,West
308,03-05-2022,20,Clothing,6,99.89,South
324,04-05-2022,1,Clothing,9,46.31,South
561,05-05-2022,17,Toys & Games,6,123.93,South
883,06-05-2022,12,Groceries,4,183.79,East
612,07-05-2022,8,Toys & Games,1,170.83,West
495,08-05-2022,2,Home & Garden,1,420.31,South
138,09-05-2022,19,Groceries,4,128.59,West
296,10-05-2022,8,Home & Garden,1,347.43,East
382,11-05-2022,14,Home & Garden,9,47.72,North
20,11-05-2022,5,Clothing,5,204.31,West
58,11-05-2022,19,Groceries,2,214.98,East
868,12-05-2022,17,Home & Garden,9,26,South
826,13-05-2022,13,Groceries,9,288.31,North
912,14-05-2022,3,Electronics,4,467.81,South
155,15-05-2022,7,Groceries,2,476.23,East
426,15-05-2022,19,Home & Garden,5,292.58,North
142,19-05-2022,14,Groceries,9,439.96,South
937,23-05-2022,6,Toys & Games,5,29.24,West
548,23-05-2022,13,Clothing,1,239.86,South
321,24-05-2022,10,Groceries,9,484.35,South
803,24-05-2022,5,Electronics,8,412.28,East
815,24-05-2022,13,Groceries,5,68.17,North
363,24-05-2022,12,Clothing,2,455.03,South
976,25-05-2022,17,Electronics,8,124.57,West
338,27-05-2022,2,Toys & Games,1,331.8,North
339,28-05-2022,19,Electronics,4,357.3,North
920,29-05-2022,17,Electronics,6,219.94,West
562,30-05-2022,7,Toys & Games,4,73.54,East
814,31-05-2022,14,Home & Garden,9,237.35,East
356,31-05-2022,13,Toys & Games,5,338.87,North
384,01-06-2022,1,Toys & Games,2,197.57,East
403,02-06-2022,11,Toys & Games,3,382.82,East
641,03-06-2022,18,Clothing,6,190.02,South
512,04-06-2022,18,Clothing,8,300.49,West
130,06-06-2022,20,Toys & Games,6,222.67,East
468,07-06-2022,3,Groceries,5,268.56,North
375,09-06-2022,14,Home & Garden,1,163.78,South
693,09-06-2022,18,Toys & Games,6,421.2,East
212,09-06-2022,13,Groceries,9,272.42,South
492,10-06-2022,20,Electronics,4,355.52,West
416,10-06-2022,20,Home & Garden,5,336.76,West
32,10-06-2022,1,Electronics,2,418.09,North
102,11-06-2022,3,Home & Garden,6,434.39,West
827,12-06-2022,3,Toys & Games,3,155.22,North
411,12-06-2022,11,Groceries,3,26.5,East
854,14-06-2022,20,Electronics,1,246.24,South
877,16-06-2022,15,Toys & Games,7,214.66,North
64,16-06-2022,2,Toys & Games,3,490.38,East
711,17-06-2022,13,Groceries,3,341.92,East
845,17-06-2022,10,Electronics,1,412.14,West
846,19-06-2022,1,Toys & Games,7,243.9,North
208,20-06-2022,15,Clothing,6,151.7,West
466,21-06-2022,8,Groceries,6,465.28,North
885,22-06-2022,16,Toys & Games,4,207.57,West
917,22-06-2022,15,Toys & Games,9,378.67,South
843,23-06-2022,12,Toys & Games,3,186.01,South
522,25-06-2022,11,Toys & Games,6,113.5,North
786,26-06-2022,13,Home & Garden,9,417.17,East
966,27-06-2022,7,Electronics,6,214.89,East
675,29-06-2022,14,Clothing,1,302.49,East
481,30-06-2022,7,Home & Garden,9,471.43,South
876,01-07-2022,2,Electronics,3,43.54,East
307,03-07-2022,10,Electronics,9,231.13,South
821,05-07-2022,17,Electronics,2,25.9,West
325,06-07-2022,6,Electronics,6,193.98,South
126,07-07-2022,1,Home & Garden,9,222.46,South
631,08-07-2022,7,Groceries,9,117.17,East
237,09-07-2022,5,Groceries,1,88.58,South
48,09-07-2022,12,Electronics,3,222.06,East
902,09-07-2022,16,Toys & Games,8,215.4,East
764,09-07-2022,2,Groceries,2,378.08,West
560,09-07-2022,4,Toys & Games,8,156.7,South
487,10-07-2022,18,Toys & Games,8,144.89,East
904,10-07-2022,14,Clothing,4,440.87,North
462,11-07-2022,3,Electronics,1,200.72,East
754,11-07-2022,9,Groceries,2,55.26,East
29,11-07-2022,14,Groceries,4,132.73,North
851,13-07-2022,12,Home & Garden,5,112.44,North
427,14-07-2022,17,Clothing,6,42.96,East
737,15-07-2022,3,Groceries,1,15.04,South
581,15-07-2022,2,Groceries,2,80.6,East
316,17-07-2022,1,Clothing,5,109.7,North
323,20-07-2022,10,Home & Garden,8,327.68,East
977,20-07-2022,8,Groceries,7,21.62,South
156,20-07-2022,12,Clothing,5,420.86,West
103,21-07-2022,18,Electronics,4,473.9,West
306,22-07-2022,8,Home & Garden,8,397.86,West
924,22-07-2022,9,Toys & Games,7,418.14,East
656,23-07-2022,15,Clothing,5,317.39,South
85,25-07-2022,6,Electronics,3,47.04,South
188,26-07-2022,16,Electronics,7,20.74,South
381,27-07-2022,5,Toys & Games,5,102.08,North
923,01-08-2022,4,Toys & Games,8,81.75,South
828,03-08-2022,16,Groceries,4,469.77,East
12,03-08-2022,2,Groceries,6,483.85,North
124,05-08-2022,17,Groceries,9,59.93,West
772,05-08-2022,5,Electronics,2,114.1,South
866,05-08-2022,2,Home & Garden,2,345.09,North
658,06-08-2022,4,Toys & Games,6,84.5,West
181,06-08-2022,2,Electronics,5,226.85,West
287,08-08-2022,6,Electronics,3,110.12,West
649,08-08-2022,2,Electronics,8,116.92,East
888,08-08-2022,6,Electronics,8,309.8,West
467,08-08-2022,2,Clothing,3,177.53,West
676,11-08-2022,20,Electronics,4,499.78,North
824,11-08-2022,8,Clothing,6,60.6,South
292,13-08-2022,1,Electronics,6,43.83,North
238,13-08-2022,10,Toys & Games,8,340.09,North
255,13-08-2022,5,Groceries,8,61.62,North
448,14-08-2022,10,Groceries,2,315.63,West
398,15-08-2022,2,Home & Garden,1,301.7,East
928,15-08-2022,8,Groceries,4,195.73,East
926,17-08-2022,16,Home & Garden,6,423.89,East
841,18-08-2022,4,Toys & Games,4,133.9,East
441,18-08-2022,6,Groceries,4,394.03,North
236,19-08-2022,10,Electronics,9,309.17,West
205,19-08-2022,6,Toys & Games,9,408.92,South
152,19-08-2022,10,Clothing,7,307.3,East
266,21-08-2022,8,Home & Garden,4,282.87,South
934,21-08-2022,18,Electronics,3,161.15,South
377,21-08-2022,9,Electronics,1,115.31,North
790,21-08-2022,19,Groceries,7,151.09,East
257,22-08-2022,18,Toys & Games,7,264.42,West
830,23-08-2022,19,Toys & Games,6,491.95,East
627,25-08-2022,17,Home & Garden,9,79.2,East
198,29-08-2022,2,Electronics,9,137.52,South
999,30-08-2022,3,Groceries,4,144.87,East
70,30-08-2022,6,Home & Garden,8,207.76,South
215,31-08-2022,6,Electronics,8,415.99,West
55,01-09-2022,14,Clothing,2,339.02,West
521,03-09-2022,9,Groceries,2,332.93,South
638,04-09-2022,20,Clothing,9,80.07,West
303,04-09-2022,3,Groceries,1,423.23,North
1000,08-09-2022,9,Toys & Games,4,357.63,East
113,09-09-2022,12,Electronics,6,209.99,South
871,09-09-2022,9,Clothing,8,89,South
36,10-09-2022,4,Clothing,4,35.4,South
987,10-09-2022,12,Home & Garden,6,291.24,West
488,10-09-2022,2,Clothing,7,86.54,East
721,10-09-2022,10,Clothing,8,179.09,North
840,10-09-2022,18,Groceries,4,310.85,South
665,11-09-2022,12,Home & Garden,1,152.82,East
371,11-09-2022,10,Electronics,6,242.22,East
397,11-09-2022,6,Home & Garden,3,117.17,West
991,13-09-2022,20,Toys & Games,5,15.54,North
493,13-09-2022,11,Home & Garden,9,233.03,South
689,15-09-2022,13,Electronics,4,34.62,South
943,16-09-2022,8,Groceries,9,366.9,East
247,16-09-2022,9,Toys & Games,8,262.32,West
361,20-09-2022,8,Groceries,6,446.3,East
575,21-09-2022,11,Clothing,2,158.19,West
793,22-09-2022,1,Clothing,2,302.08,West
273,25-09-2022,5,Toys & Games,1,255.06,North
707,25-09-2022,6,Clothing,5,377.88,North
593,26-09-2022,18,Electronics,4,291.4,South
106,27-09-2022,5,Home & Garden,3,472.92,North
4,28-09-2022,1,Clothing,6,15.59,East
109,28-09-2022,6,Electronics,1,109.29,South
630,29-09-2022,15,Home & Garden,3,146.54,West
776,30-09-2022,13,Home & Garden,1,443.45,North
65,01-10-2022,18,Clothing,1,43.08,West
420,04-10-2022,8,Toys & Games,6,169.39,West
449,04-10-2022,10,Home & Garden,1,383.53,West
31,04-10-2022,14,Toys & Games,4,290.16,West
747,04-10-2022,4,Home & Garden,1,178.26,South
771,06-10-2022,6,Home & Garden,6,13.37,North
312,07-10-2022,20,Electronics,4,47.09,North
477,07-10-2022,16,Electronics,9,232.83,East
241,10-10-2022,13,Home & Garden,7,122.5,West
446,10-10-2022,7,Clothing,9,17.05,North
452,11-10-2022,2,Clothing,2,313.57,North
647,12-10-2022,12,Clothing,2,339.65,East
715,12-10-2022,4,Groceries,7,42.42,South
506,15-10-2022,20,Home & Garden,7,206.92,East
148,16-10-2022,3,Groceries,9,131.3,West
664,16-10-2022,10,Toys & Games,9,29.63,South
311,21-10-2022,1,Clothing,2,238.49,West
115,23-10-2022,2,Toys & Games,6,295.63,North
359,25-10-2022,1,Groceries,3,93.24,North
867,28-10-2022,4,Clothing,8,270.47,South
480,29-10-2022,10,Toys & Games,8,192.83,East
719,29-10-2022,13,Electronics,6,389.87,West
370,31-10-2022,8,Groceries,7,86.67,West
935,01-11-2022,14,Clothing,4,290.79,South
566,01-11-2022,15,Home & Garden,7,40.66,East
22,05-11-2022,3,Toys & Games,4,433.99,West
563,10-11-2022,8,Clothing,7,135.67,South
34,10-11-2022,13,Electronics,3,15.96,East
68,12-11-2022,2,Groceries,2,485.63,West
965,12-11-2022,20,Clothing,5,93.76,South
253,14-11-2022,3,Clothing,7,128.35,West
540,17-11-2022,10,Home & Garden,5,410.32,South
494,19-11-2022,10,Toys & Games,5,337.2,North
501,19-11-2022,6,Toys & Games,1,420.7,East
683,21-11-2022,7,Electronics,4,176.8,North
326,22-11-2022,13,Clothing,4,403.87,West
865,23-11-2022,14,Toys & Games,6,467.54,East
949,26-11-2022,14,Groceries,5,393.82,South
13,27-11-2022,9,Home & Garden,6,35.32,South
231,27-11-2022,11,Clothing,9,341.7,East
687,02-12-2022,17,Electronics,6,259.83,West
408,04-12-2022,6,Electronics,6,221.85,East
348,04-12-2022,8,Electronics,2,42.57,East
119,04-12-2022,9,Electronics,3,205.53,South
856,05-12-2022,7,Home & Garden,1,118.41,South
75,06-12-2022,17,Toys & Games,4,204.83,North
228,06-12-2022,11,Electronics,5,256.53,North
661,07-12-2022,1,Groceries,4,55.95,West
782,08-12-2022,3,Home & Garden,3,103.4,East
861,08-12-2022,15,Electronics,9,234.97,East
565,08-12-2022,2,Toys & Games,2,340.26,North
137,10-12-2022,14,Toys & Games,8,322.47,North
24,10-12-2022,5,Groceries,7,161.8,South
335,12-12-2022,4,Home & Garden,5,191.09,West
72,12-12-2022,15,Home & Garden,7,355.23,South
364,12-12-2022,12,Clothing,6,381.77,South
606,12-12-2022,10,Groceries,8,251.36,East
234,14-12-2022,6,Clothing,5,376.69,West
901,14-12-2022,12,Clothing,2,30.54,West
960,14-12-2022,1,Groceries,1,119.11,West
328,15-12-2022,4,Home & Garden,8,498.62,North
478,15-12-2022,18,Home & Garden,8,340.65,East
586,16-12-2022,1,Clothing,9,235.2,South
550,20-12-2022,14,Toys & Games,7,59.48,East
667,23-12-2022,3,Groceries,6,126.69,West
953,24-12-2022,1,Home & Garden,1,305.73,West
248,25-12-2022,17,Clothing,3,89.07,North
896,27-12-2022,3,Home & Garden,1,44.35,South
859,31-12-2022,6,Home & Garden,7,413.58,North
442,31-12-2022,19,Groceries,6,287.43,East
77,02-01-2023,4,Electronics,8,110.61,East
802,02-01-2023,7,Home & Garden,7,466.46,North
768,04-01-2023,5,Toys & Games,5,410.53,North
906,04-01-2023,8,Electronics,2,123.38,North
594,05-01-2023,5,Electronics,2,336.93,North
940,08-01-2023,1,Clothing,5,489.39,North
16,08-01-2023,16,Toys & Games,7,432.69,East
957,08-01-2023,1,Toys & Games,1,469.88,East
471,08-01-2023,11,Clothing,6,490.75,East
262,09-01-2023,12,Electronics,2,124.76,South
436,10-01-2023,15,Clothing,3,29.77,East
744,11-01-2023,13,Clothing,8,48.68,South
240,12-01-2023,2,Clothing,3,350.04,West
149,14-01-2023,19,Groceries,6,40.64,West
700,15-01-2023,15,Toys & Games,5,64.68,South
127,15-01-2023,8,Clothing,3,55.39,South
798,19-01-2023,13,Home & Garden,1,452.18,West
293,20-01-2023,15,Clothing,3,242.38,West
239,20-01-2023,12,Clothing,5,97.83,South
28,21-01-2023,17,Groceries,1,400.37,South
276,21-01-2023,14,Toys & Games,7,319.4,North
514,21-01-2023,17,Clothing,2,35.47,South
277,22-01-2023,4,Home & Garden,2,270.93,South
899,22-01-2023,18,Clothing,8,86.84,West
90,23-01-2023,16,Toys & Games,4,315.59,North
66,23-01-2023,15,Toys & Games,4,264.16,South
988,25-01-2023,8,Electronics,6,202.52,East
92,25-01-2023,19,Electronics,7,141.03,East
425,27-01-2023,19,Home & Garden,6,132.01,East
145,27-01-2023,13,Home & Garden,4,131.7,West
613,28-01-2023,17,Groceries,8,232.46,South
519,28-01-2023,13,Groceries,1,441.68,North
187,28-01-2023,6,Toys & Games,4,227.52,West
847,28-01-2023,18,Clothing,1,181.9,North
750,29-01-2023,2,Clothing,8,101.01,East
788,31-01-2023,1,Groceries,3,370.11,East
807,31-01-2023,10,Groceries,7,205.76,East
783,01-02-2023,8,Clothing,8,100.47,East
716,01-02-2023,8,Groceries,9,19.39,North
184,02-02-2023,5,Electronics,4,41.36,East
823,02-02-2023,17,Toys & Games,8,270.82,West
419,02-02-2023,20,Electronics,4,445.18,North
543,04-02-2023,2,Groceries,5,51.7,South
309,05-02-2023,15,Electronics,5,428.94,East
428,05-02-2023,13,Toys & Games,7,56.51,West
932,06-02-2023,8,Clothing,4,247.17,South
99,06-02-2023,8,Clothing,7,163.32,North
334,07-02-2023,15,Groceries,4,43.67,South
294,07-02-2023,2,Toys & Games,8,284.73,South
383,08-02-2023,4,Groceries,1,351.12,West
163,11-02-2023,9,Home & Garden,5,374.01,South
204,11-02-2023,17,Clothing,6,442.03,South
955,12-02-2023,8,Home & Garden,2,347.14,East
531,12-02-2023,10,Toys & Games,8,449.71,North
907,13-02-2023,15,Groceries,9,256.19,North
251,15-02-2023,15,Home & Garden,5,91.22,West
743,17-02-2023,6,Home & Garden,8,176.59,North
26,18-02-2023,10,Home & Garden,9,436.99,West
938,19-02-2023,11,Clothing,7,143.28,West
357,19-02-2023,8,Electronics,8,314.03,East
872,19-02-2023,7,Clothing,3,331.64,West
302,20-02-2023,6,Clothing,5,412.48,West
710,21-02-2023,11,Toys & Games,4,126.1,West
733,22-02-2023,3,Electronics,4,372.14,North
147,23-02-2023,6,Clothing,2,142.7,North
393,24-02-2023,9,Clothing,5,169.01,East
745,24-02-2023,15,Clothing,4,226.97,North
855,26-02-2023,12,Electronics,2,422.05,West
394,26-02-2023,3,Electronics,5,142.06,East
705,03-03-2023,5,Home & Garden,4,402.71,East
80,04-03-2023,10,Electronics,3,150.86,East
660,08-03-2023,18,Home & Garden,1,182.1,North
643,11-03-2023,7,Electronics,6,282.82,West
2,12-03-2023,5,Clothing,2,22.34,West
444,14-03-2023,1,Clothing,8,330.63,North
305,15-03-2023,19,Toys & Games,7,173.48,West
931,17-03-2023,17,Electronics,6,423.66,North
271,18-03-2023,14,Toys & Games,4,354.05,West
680,18-03-2023,12,Toys & Games,6,93.65,South
572,20-03-2023,19,Toys & Games,1,85.91,North
874,21-03-2023,11,Toys & Games,3,285.47,East
789,21-03-2023,6,Electronics,7,270.41,East
634,23-03-2023,16,Groceries,2,150,West
995,26-03-2023,20,Home & Garden,7,298.29,North
884,27-03-2023,15,Electronics,7,279.83,North
456,29-03-2023,8,Clothing,3,297.6,West
655,29-03-2023,7,Clothing,6,398.37,West
373,29-03-2023,9,Groceries,2,142.76,North
79,31-03-2023,17,Toys & Games,7,141.58,North
794,31-03-2023,16,Toys & Games,6,222.58,North
893,01-04-2023,6,Toys & Games,4,212.45,South
110,01-04-2023,1,Electronics,9,297.92,East
250,01-04-2023,11,Home & Garden,8,19.37,West
752,02-04-2023,9,Electronics,9,465.03,South
14,04-04-2023,3,Toys & Games,3,257.35,East
432,05-04-2023,18,Toys & Games,4,405.27,West
33,05-04-2023,19,Home & Garden,5,453.98,South
193,06-04-2023,19,Electronics,6,464.28,West
980,06-04-2023,6,Groceries,7,76.38,West
111,07-04-2023,5,Home & Garden,8,353.56,North
177,07-04-2023,9,Clothing,3,318.82,South
327,09-04-2023,15,Groceries,1,222.4,West
11,12-04-2023,1,Clothing,4,277.75,West
811,14-04-2023,18,Electronics,2,402.48,West
435,15-04-2023,19,Toys & Games,1,128.33,West
547,16-04-2023,10,Toys & Games,6,122.39,East
945,16-04-2023,19,Home & Garden,4,338.84,East
265,17-04-2023,1,Groceries,1,311.99,South
140,17-04-2023,3,Electronics,5,54.78,East
354,18-04-2023,11,Groceries,1,263.82,East
401,18-04-2023,2,Toys & Games,2,409.32,South
235,18-04-2023,18,Clothing,1,225.21,South
608,19-04-2023,15,Groceries,7,420.73,North
659,19-04-2023,13,Home & Garden,6,234.58,East
694,20-04-2023,5,Home & Garden,5,88.73,South
40,20-04-2023,2,Home & Garden,3,182.95,West
892,21-04-2023,1,Home & Garden,9,183.9,North
44,21-04-2023,3,Home & Garden,5,208.22,North
97,22-04-2023,8,Clothing,1,356.25,East
524,22-04-2023,4,Home & Garden,2,444.19,West
469,22-04-2023,14,Clothing,7,113.7,West
455,26-04-2023,7,Clothing,7,433.57,East
812,29-04-2023,4,Electronics,6,61.18,East
59,30-04-2023,7,Groceries,9,377.96,West
203,30-04-2023,6,Home & Garden,6,335.47,West
626,03-05-2023,7,Toys & Games,7,334.22,North
343,04-05-2023,11,Groceries,1,247.15,South
151,05-05-2023,5,Electronics,8,369.04,South
513,05-05-2023,19,Electronics,3,183.91,South
25,07-05-2023,10,Groceries,5,152.12,West
838,07-05-2023,20,Groceries,1,234.39,West
741,08-05-2023,3,Electronics,3,495.15,South
128,08-05-2023,17,Clothing,4,376.71,East
858,11-05-2023,1,Home & Garden,4,406.12,West
690,12-05-2023,14,Clothing,7,27.11,East
479,12-05-2023,7,Electronics,3,341.99,South
270,12-05-2023,5,Clothing,8,351.25,North
722,14-05-2023,11,Clothing,3,24.75,West
143,14-05-2023,11,Home & Garden,9,371.97,South
862,15-05-2023,19,Home & Garden,5,158.61,South
739,16-05-2023,18,Electronics,9,356.06,West
974,17-05-2023,10,Groceries,8,305.2,South
162,18-05-2023,3,Clothing,1,312.22,East
182,18-05-2023,13,Home & Garden,3,328.17,West
423,19-05-2023,1,Electronics,2,414.45,East
903,20-05-2023,8,Groceries,8,92.42,South
57,20-05-2023,11,Clothing,3,107.51,East
233,21-05-2023,1,Groceries,8,430.79,North
534,21-05-2023,6,Toys & Games,7,237.85,West
801,21-05-2023,6,Clothing,2,332.74,North
905,23-05-2023,17,Toys & Games,3,282.95,North
81,24-05-2023,17,Home & Garden,4,331.81,South
274,25-05-2023,5,Home & Garden,3,211.86,East
400,25-05-2023,18,Home & Garden,3,334.36,South
337,26-05-2023,13,Electronics,1,364.14,West
864,26-05-2023,2,Home & Garden,1,68.14,North
42,26-05-2023,7,Home & Garden,2,173.68,North
319,26-05-2023,4,Home & Garden,3,200.81,West
542,27-05-2023,8,Groceries,3,469.6,West
464,27-05-2023,1,Groceries,8,302.46,East
939,28-05-2023,13,Electronics,2,13.13,North
618,28-05-2023,18,Toys & Games,5,95.99,South
460,31-05-2023,15,Groceries,1,226.72,South
684,31-05-2023,20,Toys & Games,8,260.18,South
852,01-06-2023,4,Clothing,2,51.5,West
472,02-06-2023,16,Clothing,6,328.26,West
842,03-06-2023,17,Toys & Games,5,293.04,West
136,05-06-2023,13,Toys & Games,1,310.51,East
670,06-06-2023,13,Clothing,5,238.49,West
770,09-06-2023,18,Home & Garden,6,37.25,South
532,09-06-2023,4,Home & Garden,7,315.09,West
211,09-06-2023,19,Electronics,1,262.35,North
936,10-06-2023,15,Toys & Games,9,169.35,North
881,15-06-2023,3,Clothing,5,334.27,East
930,16-06-2023,13,Electronics,3,133.07,East
527,22-06-2023,5,Electronics,7,150.39,North
967,24-06-2023,2,Clothing,1,381.07,South
209,25-06-2023,11,Clothing,8,161.81,North
701,29-06-2023,17,Clothing,9,308.08,North
461,01-07-2023,5,Home & Garden,1,356.62,West
986,01-07-2023,18,Home & Garden,9,29.3,West
172,01-07-2023,8,Groceries,8,190.54,West
758,02-07-2023,10,Clothing,4,484.36,East
347,05-07-2023,10,Toys & Games,8,278.73,West
662,05-07-2023,16,Clothing,5,248.2,South
191,08-07-2023,9,Clothing,6,37.53,North
227,10-07-2023,5,Electronics,5,281.15,South
714,10-07-2023,20,Electronics,1,199.79,East
101,10-07-2023,3,Clothing,8,302.86,North
914,10-07-2023,3,Electronics,5,321.35,South
220,11-07-2023,20,Clothing,6,170.1,South
985,12-07-2023,9,Clothing,9,34.81,South
624,14-07-2023,10,Groceries,5,280.8,South
39,15-07-2023,8,Toys & Games,6,160.32,North
88,16-07-2023,11,Clothing,5,55.11,East
52,17-07-2023,15,Clothing,5,193.22,North
443,17-07-2023,4,Home & Garden,1,163.26,North
272,18-07-2023,3,Home & Garden,1,94.13,West
199,18-07-2023,20,Toys & Games,1,88.15,South
799,18-07-2023,10,Electronics,5,178.54,East
813,19-07-2023,2,Home & Garden,6,292.66,North
73,19-07-2023,10,Clothing,6,217.14,West
941,20-07-2023,6,Clothing,9,483.22,East
93,20-07-2023,15,Home & Garden,9,17.4,East
288,20-07-2023,1,Groceries,4,258.82,South
499,20-07-2023,5,Home & Garden,5,308.75,West
54,21-07-2023,5,Clothing,4,324.45,North
816,23-07-2023,12,Home & Garden,4,490.48,West
564,24-07-2023,3,Toys & Games,8,184.11,West
500,24-07-2023,5,Clothing,9,352.82,West
366,26-07-2023,16,Home & Garden,5,330.53,West
577,26-07-2023,13,Clothing,6,403.86,East
221,28-07-2023,17,Toys & Games,1,183.67,South
164,28-07-2023,13,Clothing,9,371.58,East
195,29-07-2023,5,Electronics,8,384.58,South
559,29-07-2023,11,Clothing,5,169.86,West
709,31-07-2023,14,Home & Garden,7,388.66,North
218,01-08-2023,20,Electronics,8,457.76,West
417,03-08-2023,9,Home & Garden,1,168.28,South
635,04-08-2023,8,Home & Garden,5,464.29,East
390,10-08-2023,9,Groceries,2,139.39,West
834,11-08-2023,2,Groceries,3,180.28,South
144,16-08-2023,15,Clothing,4,16.74,South
989,17-08-2023,8,Home & Garden,4,24.04,East
779,19-08-2023,8,Toys & Games,6,163.8,West
625,24-08-2023,16,Electronics,6,192.36,North
67,24-08-2023,19,Electronics,2,97.89,South
732,25-08-2023,9,Groceries,8,443.58,South
603,27-08-2023,12,Home & Garden,7,105.63,North
729,28-08-2023,5,Groceries,9,165.6,West
718,30-08-2023,19,Home & Garden,8,267.12,South
482,30-08-2023,1,Groceries,3,92,South
264,31-08-2023,3,Groceries,4,480.33,North
681,31-08-2023,15,Home & Garden,1,24.93,East
451,01-09-2023,14,Home & Garden,5,420.19,North
322,01-09-2023,5,Home & Garden,7,42.62,East
315,02-09-2023,6,Electronics,9,451.87,East
360,03-09-2023,15,Home & Garden,4,105.54,West
787,04-09-2023,13,Home & Garden,2,68.75,North
663,04-09-2023,13,Toys & Games,3,461.16,South
573,05-09-2023,3,Home & Garden,9,50.54,East
706,05-09-2023,11,Groceries,9,202.13,East
175,05-09-2023,19,Clothing,6,395.82,West
279,05-09-2023,10,Clothing,2,306.76,South
9,07-09-2023,17,Toys & Games,5,355.39,West
735,09-09-2023,17,Toys & Games,6,147.99,East
578,12-09-2023,11,Home & Garden,1,77.2,South
226,12-09-2023,6,Electronics,7,202.44,North
365,16-09-2023,4,Toys & Games,5,302.61,East
280,17-09-2023,18,Home & Garden,3,67.43,North
391,17-09-2023,10,Clothing,3,470.14,East
740,18-09-2023,17,Toys & Games,9,315.12,East
505,18-09-2023,3,Clothing,8,249.36,West
389,20-09-2023,9,Clothing,3,349.26,West
244,20-09-2023,20,Clothing,7,10.98,South
243,25-09-2023,2,Toys & Games,9,90.99,West
825,26-09-2023,2,Clothing,5,94.54,North
617,26-09-2023,8,Toys & Games,9,476.21,East
850,26-09-2023,15,Clothing,4,170.81,North
595,28-09-2023,12,Electronics,3,390.75,South
889,30-09-2023,19,Groceries,9,192.99,North
622,30-09-2023,13,Toys & Games,5,325.93,East
295,30-09-2023,14,Clothing,2,317.93,South
511,01-10-2023,17,Clothing,3,295.76,North
429,02-10-2023,16,Home & Garden,5,499.46,West
232,02-10-2023,3,Groceries,9,420.58,East
346,02-10-2023,11,Toys & Games,5,388.68,East
615,03-10-2023,16,Home & Garden,4,71.74,North
350,03-10-2023,6,Clothing,8,296.02,West
286,04-10-2023,19,Clothing,7,448.88,South
178,05-10-2023,5,Electronics,4,131.71,East
223,08-10-2023,15,Home & Garden,8,471.15,North
61,09-10-2023,2,Toys & Games,6,146.15,West
857,10-10-2023,11,Electronics,4,196.69,North
139,10-10-2023,7,Toys & Games,9,359.89,South
963,10-10-2023,1,Clothing,9,214.42,North
252,11-10-2023,6,Groceries,1,446.52,East
372,14-10-2023,17,Electronics,4,361.03,North
886,15-10-2023,5,Home & Garden,2,418.49,West
844,15-10-2023,17,Home & Garden,3,413.54,West
544,16-10-2023,12,Home & Garden,3,198.94,North
207,17-10-2023,2,Groceries,1,64.11,South
642,18-10-2023,10,Home & Garden,8,52.64,West
944,18-10-2023,11,Toys & Games,6,179.44,South
592,18-10-2023,3,Electronics,4,365.25,East
863,19-10-2023,11,Electronics,1,466.95,East
599,19-10-2023,2,Electronics,8,421.65,South
832,20-10-2023,10,Groceries,7,485.16,South
598,21-10-2023,6,Toys & Games,6,273.63,South
679,21-10-2023,16,Home & Garden,3,415.5,South
459,21-10-2023,8,Clothing,4,380.8,South
379,21-10-2023,1,Clothing,4,454.84,South
929,21-10-2023,11,Electronics,3,458.38,East
891,22-10-2023,3,Groceries,7,61.88,South
330,22-10-2023,20,Electronics,2,167.37,East
21,24-10-2023,6,Groceries,2,74.54,North
763,25-10-2023,11,Clothing,1,334.34,West
509,25-10-2023,10,Toys & Games,4,145.74,North
696,26-10-2023,1,Groceries,2,230.03,South
762,26-10-2023,5,Home & Garden,6,240.77,East
259,26-10-2023,11,Groceries,1,130.22,West
19,26-10-2023,5,Clothing,5,280.83,West
557,27-10-2023,11,Toys & Games,2,146.4,East
956,30-10-2023,18,Home & Garden,9,68.99,North
439,01-11-2023,17,Electronics,6,20.99,South
597,01-11-2023,19,Home & Garden,1,163.8,North
300,03-11-2023,19,Home & Garden,7,272.47,West
263,03-11-2023,3,Home & Garden,2,117.58,East
916,03-11-2023,14,Clothing,9,207.57,North
387,04-11-2023,15,Home & Garden,7,400.16,East
146,06-11-2023,18,Toys & Games,8,115.06,West
699,06-11-2023,9,Toys & Games,7,365.05,North
749,07-11-2023,5,Electronics,6,468.39,West
961,07-11-2023,9,Toys & Games,4,160.54,North
927,07-11-2023,2,Clothing,5,221.34,East
254,08-11-2023,17,Home & Garden,5,183.59,South
414,12-11-2023,7,Groceries,5,283.1,South
43,13-11-2023,2,Home & Garden,9,369.02,North
525,13-11-2023,13,Groceries,8,106.36,North
568,13-11-2023,1,Groceries,2,406.42,South
219,13-11-2023,1,Home & Garden,1,476.88,North
258,15-11-2023,14,Toys & Games,7,307.8,West
298,15-11-2023,19,Home & Garden,3,14.89,North
168,15-11-2023,15,Toys & Games,1,461.18,North
915,16-11-2023,20,Electronics,5,318.61,East
538,16-11-2023,6,Clothing,1,42.84,East
503,17-11-2023,2,Toys & Games,3,480.85,South
50,18-11-2023,17,Clothing,8,172.9,West
431,19-11-2023,19,Clothing,8,376.61,North
756,20-11-2023,2,Groceries,2,301.65,North
698,21-11-2023,15,Home & Garden,6,34.31,South
704,22-11-2023,5,Toys & Games,7,196.08,South
194,22-11-2023,8,Electronics,2,61.64,East
267,23-11-2023,8,Toys & Games,2,213.73,North
567,23-11-2023,5,Electronics,2,113.15,West
819,24-11-2023,13,Clothing,8,301.48,North
769,26-11-2023,16,Clothing,6,380.95,North
646,28-11-2023,3,Clothing,7,95.81,East
964,29-11-2023,13,Home & Garden,5,88.51,North
558,29-11-2023,8,Clothing,4,401.16,North
784,30-11-2023,2,Clothing,9,177.63,South
214,30-11-2023,5,Groceries,3,183.36,South
283,30-11-2023,7,Electronics,6,349.12,South
45,01-12-2023,18,Clothing,8,43.49,East
484,01-12-2023,16,Electronics,2,348.53,East
7,02-12-2023,17,Toys & Games,7,224.45,South
114,03-12-2023,14,Groceries,7,17.54,West
98,04-12-2023,4,Groceries,6,308.9,East
633,05-12-2023,19,Groceries,9,414.6,South
972,05-12-2023,15,Clothing,1,18.13,South
409,07-12-2023,1,Home & Garden,9,25.26,South
992,10-12-2023,15,Electronics,3,395.81,South
301,11-12-2023,6,Toys & Games,5,419.7,North
249,11-12-2023,9,Toys & Games,8,50.94,South
341,12-12-2023,4,Groceries,2,116.66,East
879,15-12-2023,20,Groceries,7,310.27,East
796,19-12-2023,13,Groceries,3,67.13,East
412,21-12-2023,18,Toys & Games,5,440.8,North
117,21-12-2023,14,Home & Garden,3,230.62,South
979,25-12-2023,3,Groceries,1,487.6,West
116,26-12-2023,17,Toys & Games,9,134.02,West
170,27-12-2023,15,Electronics,8,273.78,East
553,28-12-2023,1,Clothing,6,486.81,South
112,28-12-2023,9,Home & Garden,8,343.25,South
725,28-12-2023,17,Toys & Games,2,467.27,East
165,29-12-2023,18,Toys & Games,9,265.51,South
746,30-12-2023,9,Clothing,1,137.91,West
781,30-12-2023,19,Home & Garden,4,143.1,South
100,31-12-2023,4,Toys & Games,2,142.84,West
299,31-12-2023,7,Electronics,1,364.49,West
968,02-01-2024,6,Electronics,1,450,East
981,02-01-2024,9,Toys & Games,7,123.42,West
829,03-01-2024,6,Electronics,9,411.18,East
666,04-01-2024,2,Clothing,6,111.7,South
202,04-01-2024,15,Groceries,6,100.97,South
797,05-01-2024,11,Toys & Games,2,277.88,South
498,05-01-2024,20,Toys & Games,8,391.76,East
765,06-01-2024,15,Clothing,6,379.4,West
950,06-01-2024,15,Groceries,6,140.3,West
291,06-01-2024,17,Toys & Games,2,398.45,West
174,09-01-2024,12,Clothing,8,336.57,East
755,09-01-2024,3,Groceries,1,89.77,North
971,10-01-2024,18,Electronics,4,59.12,West
607,11-01-2024,17,Clothing,7,246.76,West
197,13-01-2024,6,Toys & Games,7,331.04,North
246,15-01-2024,5,Home & Garden,1,368.88,South
475,15-01-2024,5,Electronics,5,300.65,West
37,18-01-2024,1,Toys & Games,6,278.94,South
118,19-01-2024,13,Toys & Games,3,479.21,North
206,19-01-2024,19,Home & Garden,2,345.72,West
438,20-01-2024,2,Electronics,4,73.74,East
653,20-01-2024,8,Electronics,2,10.32,North
833,21-01-2024,9,Toys & Games,2,221.3,North
619,21-01-2024,12,Electronics,4,288.19,South
982,22-01-2024,6,Groceries,9,435.52,East
320,22-01-2024,2,Clothing,3,275.46,East
723,24-01-2024,2,Electronics,9,481.13,South
887,24-01-2024,20,Clothing,4,409.19,West
671,28-01-2024,13,Electronics,6,382.68,South
526,29-01-2024,2,Home & Garden,2,371.34,North
688,29-01-2024,3,Home & Garden,1,255.63,West
748,31-01-2024,14,Electronics,4,418.94,South
669,01-02-2024,2,Electronics,5,239.35,South
678,01-02-2024,12,Home & Garden,9,204.95,East
925,03-02-2024,6,Clothing,7,274.75,North
362,03-02-2024,11,Home & Garden,3,377.49,South
125,03-02-2024,4,Toys & Games,7,14.08,East
331,03-02-2024,15,Clothing,8,117.85,South
183,06-02-2024,6,Electronics,6,468.78,West
310,06-02-2024,15,Clothing,6,442.45,East
682,08-02-2024,10,Groceries,6,110.18,South
179,08-02-2024,6,Home & Garden,6,355.68,South
23,09-02-2024,5,Electronics,6,87.06,North
329,10-02-2024,13,Clothing,7,283.94,North
95,11-02-2024,11,Toys & Games,2,132.94,South
150,12-02-2024,15,Clothing,9,234.88,West
582,13-02-2024,9,Electronics,8,315.76,North
728,15-02-2024,5,Home & Garden,8,342.46,South
541,15-02-2024,6,Toys & Games,5,427.75,East
445,15-02-2024,8,Home & Garden,7,123.69,West
82,15-02-2024,20,Clothing,9,484.58,South
71,16-02-2024,1,Clothing,8,371.56,North
351,18-02-2024,8,Groceries,6,393.16,East
767,19-02-2024,8,Toys & Games,5,453.14,East
158,19-02-2024,13,Home & Garden,5,413.26,East
47,22-02-2024,1,Groceries,6,150.02,West
570,22-02-2024,15,Home & Garden,2,177.9,West
951,23-02-2024,16,Electronics,5,495.26,East
516,24-02-2024,9,Clothing,6,217.43,West
602,26-02-2024,5,Clothing,1,192.02,West
873,26-02-2024,15,Electronics,5,485.86,South
636,29-02-2024,18,Groceries,4,485.26,East
611,01-03-2024,19,Home & Garden,5,209.33,North
122,02-03-2024,11,Home & Garden,4,339.51,East
686,02-03-2024,1,Clothing,4,456.2,West
504,02-03-2024,12,Groceries,2,272.61,East
497,03-03-2024,12,Home & Garden,8,19.38,North
849,05-03-2024,14,Home & Garden,4,404.8,West
186,05-03-2024,6,Toys & Games,3,153.27,East
217,06-03-2024,19,Toys & Games,4,160.82,North
224,06-03-2024,1,Toys & Games,4,439.4,South
795,06-03-2024,9,Home & Garden,4,90.56,East
998,08-03-2024,6,Clothing,3,276.66,South
450,08-03-2024,19,Toys & Games,3,29.08,East
775,08-03-2024,5,Electronics,8,207.18,East
229,08-03-2024,4,Groceries,1,104.99,West
552,10-03-2024,11,Clothing,8,82.17,North
418,11-03-2024,17,Electronics,5,449.98,West
674,12-03-2024,7,Home & Garden,6,220.69,East
620,12-03-2024,15,Groceries,3,293.86,West
869,14-03-2024,3,Groceries,4,243.04,North
166,15-03-2024,15,Electronics,4,43.54,West
27,16-03-2024,19,Clothing,3,339.62,West
275,17-03-2024,19,Groceries,9,436.56,West
520,21-03-2024,7,Electronics,7,442.63,North
132,23-03-2024,15,Clothing,4,222.86,North
919,25-03-2024,7,Clothing,6,341.94,East
993,25-03-2024,7,Clothing,1,160.15,West
421,26-03-2024,17,Home & Garden,3,451.47,East
380,26-03-2024,14,Home & Garden,5,258.46,South
458,26-03-2024,3,Groceries,8,495.43,West
108,26-03-2024,10,Home & Garden,4,442.67,East
529,28-03-2024,6,Home & Garden,8,498.65,South
60,29-03-2024,6,Clothing,7,59.67,North
256,29-03-2024,12,Groceries,9,118.96,East
342,30-03-2024,4,Home & Garden,3,334.23,West
591,30-03-2024,3,Electronics,2,234.63,South
410,01-04-2024,17,Home & Garden,8,137.19,North
96,01-04-2024,16,Groceries,3,341.25,West
589,02-04-2024,10,Toys & Games,3,37.92,East
908,03-04-2024,14,Groceries,1,368.43,West
997,03-04-2024,4,Home & Garden,1,487.16,North
536,04-04-2024,17,Home & Garden,7,40.57,West
738,05-04-2024,18,Clothing,7,360.86,East
261,06-04-2024,2,Home & Garden,2,201.61,East
533,07-04-2024,9,Home & Garden,6,486.96,South
894,08-04-2024,15,Clothing,3,341.15,West
918,08-04-2024,14,Home & Garden,9,270.33,East
457,08-04-2024,1,Toys & Games,9,294.67,West
610,09-04-2024,16,Electronics,5,431.3,West
269,09-04-2024,9,Groceries,3,275.04,West
601,10-04-2024,19,Clothing,5,445.86,East
56,11-04-2024,2,Home & Garden,9,319.82,North
860,12-04-2024,15,Home & Garden,9,198.46,East
551,13-04-2024,2,Toys & Games,4,92.07,East
708,14-04-2024,7,Groceries,4,71.49,South
304,15-04-2024,7,Toys & Games,9,247.7,North
672,16-04-2024,18,Electronics,8,85.7,South
313,16-04-2024,7,Toys & Games,3,200.03,East
569,17-04-2024,4,Electronics,8,81.99,South
135,18-04-2024,2,Groceries,9,298.83,East
213,18-04-2024,12,Toys & Games,1,184.87,West
157,19-04-2024,17,Home & Garden,5,404.49,North
63,20-04-2024,18,Groceries,5,221.69,South
712,21-04-2024,2,Toys & Games,9,287.23,North
831,22-04-2024,7,Electronics,8,137.24,South
726,28-04-2024,3,Groceries,7,140.09,East
800,30-04-2024,4,Electronics,2,369.17,South
396,01-05-2024,11,Clothing,4,350.37,South
695,01-05-2024,16,Groceries,9,22.24,North
508,03-05-2024,17,Groceries,2,290.58,East
555,03-05-2024,4,Electronics,4,484.2,South
289,04-05-2024,15,Home & Garden,6,215.44,West
134,06-05-2024,14,Electronics,1,14.44,East
38,06-05-2024,17,Home & Garden,2,150.94,East
880,07-05-2024,11,Home & Garden,8,469.86,West
190,07-05-2024,11,Home & Garden,4,256.29,East
637,10-05-2024,18,Groceries,2,289.92,East
404,10-05-2024,12,Electronics,1,101.98,West
3,10-05-2024,1,Groceries,8,421.11,East
107,12-05-2024,18,Groceries,3,370.9,West
340,13-05-2024,19,Toys & Games,3,14.1,South
196,13-05-2024,4,Electronics,2,210.74,East
773,16-05-2024,16,Toys & Games,3,335.13,West
588,16-05-2024,8,Clothing,1,412.97,West
528,16-05-2024,11,Home & Garden,3,403.29,North
751,18-05-2024,11,Toys & Games,6,192.53,South
969,18-05-2024,7,Groceries,9,51.22,East
185,20-05-2024,1,Groceries,9,414.12,South
502,21-05-2024,9,Home & Garden,4,403.38,West
89,21-05-2024,11,Groceries,4,303.53,West
349,21-05-2024,6,Electronics,4,385.59,West
18,21-05-2024,17,Home & Garden,7,402,North
169,21-05-2024,2,Clothing,2,296.38,North
774,22-05-2024,13,Home & Garden,6,211.49,North
875,25-05-2024,20,Home & Garden,3,360.23,West
53,25-05-2024,15,Home & Garden,3,472.78,South
583,26-05-2024,9,Toys & Games,9,144.08,West
407,27-05-2024,20,Home & Garden,8,190.49,North
120,28-05-2024,15,Electronics,3,421.5,North
453,28-05-2024,1,Home & Garden,3,286.06,South
780,29-05-2024,13,Clothing,9,348.62,East
367,30-05-2024,4,Toys & Games,5,445.67,West
777,30-05-2024,17,Toys & Games,1,448.83,South
990,01-06-2024,18,Toys & Games,4,295.79,South
546,01-06-2024,7,Toys & Games,9,113.29,North
434,01-06-2024,14,Electronics,6,498.84,East
314,02-06-2024,4,Clothing,7,403.73,West
585,02-06-2024,17,Toys & Games,5,50.31,West
628,03-06-2024,7,Toys & Games,3,289.73,West
804,03-06-2024,11,Groceries,8,287.64,East
922,04-06-2024,20,Electronics,9,413.99,North
942,04-06-2024,9,Clothing,3,203.63,East
810,09-06-2024,7,Toys & Games,8,415.01,East
192,10-06-2024,3,Clothing,3,250.64,East
474,10-06-2024,20,Clothing,6,360.4,East
895,13-06-2024,2,Clothing,5,332.5,East
406,14-06-2024,7,Electronics,2,352.48,East
424,14-06-2024,13,Toys & Games,6,423.99,West
692,14-06-2024,4,Toys & Games,8,224.71,South
369,15-06-2024,5,Home & Garden,3,319.87,East
629,15-06-2024,14,Clothing,2,100.78,North
74,16-06-2024,19,Toys & Games,9,179.8,South
720,16-06-2024,14,Toys & Games,4,124.87,East
201,18-06-2024,4,Electronics,7,44.54,West
736,21-06-2024,10,Groceries,9,482.05,East
535,21-06-2024,2,Home & Garden,5,425.22,East
677,24-06-2024,17,Clothing,3,387.03,North
318,25-06-2024,1,Toys & Games,2,439.9,North
614,26-06-2024,5,Toys & Games,1,383.6,West
697,26-06-2024,14,Electronics,5,126.36,North
984,27-06-2024,7,Home & Garden,2,215.62,North
657,30-06-2024,17,Clothing,8,377.63,South
839,01-07-2024,4,Clothing,3,121,North
405,02-07-2024,19,Clothing,3,53.31,South
791,03-07-2024,16,Toys & Games,6,251.48,East
422,04-07-2024,7,Clothing,5,498.12,North
753,08-07-2024,3,Home & Garden,9,40.29,North
388,08-07-2024,15,Toys & Games,3,143.25,North
530,09-07-2024,18,Electronics,7,24.71,South
994,09-07-2024,11,Clothing,1,29.73,North
730,10-07-2024,15,Clothing,7,425.57,South
123,10-07-2024,16,Home & Garden,7,488.73,East
973,11-07-2024,2,Home & Garden,9,334.24,North
983,13-07-2024,9,Groceries,1,463.97,West
490,16-07-2024,15,Clothing,3,303.66,South
518,17-07-2024,2,Electronics,8,307.36,East
344,17-07-2024,5,Clothing,1,12.6,North
702,17-07-2024,4,Clothing,1,147.71,West
909,17-07-2024,18,Electronics,7,479.48,South
978,17-07-2024,11,Clothing,6,419.12,South
159,18-07-2024,20,Toys & Games,4,467.03,East
87,20-07-2024,13,Home & Garden,5,155.67,West
333,20-07-2024,5,Electronics,7,192.54,East
910,22-07-2024,20,Toys & Games,5,118.02,South
822,23-07-2024,9,Home & Garden,7,332.77,North
897,23-07-2024,17,Electronics,3,203.68,West
345,24-07-2024,20,Electronics,6,404.2,North
590,24-07-2024,7,Electronics,9,215.12,North
176,31-07-2024,10,Electronics,9,232.63,North
507,31-07-2024,12,Groceries,9,85.31,East
83,31-07-2024,5,Electronics,6,305.78,North
355,03-08-2024,12,Clothing,2,78.76,North
848,03-08-2024,18,Toys & Games,2,187.65,South
809,05-08-2024,11,Home & Garden,4,15.3,West
605,08-08-2024,17,Home & Garden,9,373.4,South
281,09-08-2024,8,Clothing,2,175.23,South
222,10-08-2024,12,Groceries,1,257.76,East
353,10-08-2024,14,Clothing,4,403.47,East
946,10-08-2024,9,Home & Garden,7,404.66,West
837,11-08-2024,4,Clothing,7,349.09,North
332,12-08-2024,8,Toys & Games,5,181.76,North
433,12-08-2024,1,Clothing,9,430.43,North
78,13-08-2024,10,Home & Garden,7,246.69,South
30,13-08-2024,9,Toys & Games,9,316.19,East
413,14-08-2024,17,Home & Garden,7,129.26,North
703,14-08-2024,12,Toys & Games,7,95.01,South
230,15-08-2024,13,Home & Garden,6,430.82,South
654,15-08-2024,12,Electronics,3,436.63,East
49,15-08-2024,5,Home & Garden,5,345.87,South
51,15-08-2024,16,Toys & Games,1,37.73,East
242,15-08-2024,8,Toys & Games,7,67.6,North
104,15-08-2024,19,Electronics,5,61.89,South
975,16-08-2024,12,Home & Garden,2,89.88,East
554,16-08-2024,19,Toys & Games,4,382.05,North
454,17-08-2024,18,Electronics,4,316.06,East
173,18-08-2024,17,Clothing,7,448.72,North
510,19-08-2024,14,Groceries,6,461.44,West
639,20-08-2024,7,Toys & Games,9,193.53,South
336,20-08-2024,12,Clothing,8,237.48,East
952,25-08-2024,20,Toys & Games,8,22.63,West
392,25-08-2024,20,Home & Garden,1,321.82,West
731,27-08-2024,17,Clothing,5,474.11,North
947,28-08-2024,17,Groceries,8,473.91,South
545,29-08-2024,13,Toys & Games,9,44.81,East
954,29-08-2024,10,Clothing,7,333.16,West
245,30-08-2024,1,Electronics,3,362.18,North
900,30-08-2024,15,Toys & Games,4,415.38,West
648,31-08-2024,13,Groceries,9,118.05,East
260,01-09-2024,9,Toys & Games,4,38.29,South
46,02-09-2024,12,Electronics,2,394.04,East
759,04-09-2024,9,Home & Garden,4,228.89,West
489,07-09-2024,1,Toys & Games,7,321.61,West
317,08-09-2024,5,Groceries,6,42.82,West
491,09-09-2024,5,Home & Garden,1,97.88,South
515,12-09-2024,14,Groceries,3,25.55,South
171,13-09-2024,8,Clothing,1,141.74,West
352,14-09-2024,15,Toys & Games,1,378.36,South
691,14-09-2024,18,Toys & Games,1,280.07,North
358,16-09-2024,18,Electronics,8,373.7,East
584,18-09-2024,8,Home & Garden,6,249.04,South
574,19-09-2024,20,Toys & Games,1,247.42,South
485,19-09-2024,19,Electronics,8,351.6,South
105,22-09-2024,19,Toys & Games,8,85.87,South
415,22-09-2024,17,Toys & Games,8,29.1,North
290,23-09-2024,1,Clothing,5,18.88,South
644,23-09-2024,17,Electronics,1,424.11,North
760,25-09-2024,15,Toys & Games,9,255.74,East
632,25-09-2024,9,Home & Garden,7,99.59,West
